new_id,row_id,author,subreddit,id,text,dataset,video_id,reply_date,category,valid_annotations
8855948b-9217-44fb-b88e-d720fb1b85f1,6007,dangerousbiz,,17915002831199749,"@paraonde Yup, there‚Äôs definitely something satisfying about seeing something for yourself, no matter how many photos by other people you‚Äôve seen.",instagram,,,,3
39e5a2fb-4e56-4b77-8863-55db946afc4b,5354,wander.horizons,,17965977100226603,@frauvdh that's one big step you took!üôè and it makes it way easier when you realize your substitutes are working and turn out even better üòä,instagram,,,,3
bb9e9522-b23b-4eb9-a76d-e32e83cfe9f4,593,taylor_lmaoo,subway,j2t0bal,yes. all the meat is prepackaged. and it takes 3 min for me to make a sub if it‚Äôs not complicated. just a slightly healthier fast food place,reddit,,,,3
07b9268a-5012-4097-97a4-2ade0dab6c88,1253,newmumonline,,17955054460129204,@candy_the_clothes_pony oh I love that feel good in the hood. I'm gonna start creating mine. So glad I found you. One day you'll have to tell us your romance story sounds great x,instagram,,,,3
160d0ee4-c2ad-48fe-bc78-79f7ef00b902,4379,turtleengine,StLouis,g5ibwqk,"yes it is relatively safe. yes it is a good neighborhood, lots of restaurants and bars. Pretty walk able neighborhood too.",reddit,,,,4
9269c4ae-2c93-4638-9113-75094fb778dd,2997,practicalbydefault,,17934681274202323,@allthehomeschoolthings ü§£ we use  brown gray so beef based is normal. I am not a fan of gray either but you'll have to give it a shot üòò,instagram,,,,1
2ca48e43-23b6-4611-911b-f643e405b89e,7261,wildlings_forestschool,,17967543220029310,@wovenspirit I was thinking of you as I entered the competition Mietta. When the timing is right we‚Äôll just have to go to another one :),instagram,,,,2
31d8abad-eccf-49a9-b1ca-d31b842d9726,3526,mari_unfiltered,,17878873735174194,@fancyfrogzshop I gotta say I love who you are as well even though we've never met you radiate strong beautiful vibes,instagram,,,,4
42389652-a3e5-4a7c-905a-c5a67f4886a0,1497,the_forest_cantina,,17864859067275634,@tessamaddock thank you Tessa ‚ò∫Ô∏è what a blessing google maps is for people like us huh! Love to travel and feeling prepared certainly helps makes the experience joyful ‚ò∫Ô∏è,instagram,,,,2
7c4a2257-7e57-466e-80f0-e1d7fc69b37d,2582,studiobicyclette,,17850025909261525,"@sailorparc Aw, thank you so much for this, what a lovely message, with so much truth in it. Cheers to following your love! ‚ú®",instagram,,,,3
3a86f631-ab1b-4571-9a2a-f2e19b42a884,3351,PhoenixApok,NoStupidQuestions,kdnvtbz,"Probably almost all of it. Most spices are basically zero calories. At the very least too small to be worth tracking. 

But this is kind of a weird behavior.",reddit,,,,3
587f2b16-19de-4126-8840-9343e6b9eb64,8377,beautystylelist,,17903682523171111,"@nsdianna thank you so much! I usually use 2 shades. 1 for the highlight areas of the face, and another for the outer areas/contour.",instagram,,,,1
77a0e18d-d018-4afd-8807-b0d36d6780bc,4832,withmylittleloves,,17956736581163505,@life.and.littles üòÇüòÇüòÇ well that‚Äôs a bit awkward! I‚Äôm glad you realised and someone didn‚Äôt turn up thinking you were stealing their car üòÇ,instagram,,,,5
e4ff9618-bfc0-4fa6-9197-a53400c28aac,445,,,id_2202,This is not just a tool for engine bays. It can be taken all over the vehicle. Check out our other videos on our Mechanics Mate YouTube page,youtube,qBc1Ba-0o9E,2018-11-16T23:04:35Z,Autos & Vehicles,2
438c5e98-30be-4431-9992-dc77208c4bca,191,,,id_1102,"Go outside, go fishing, go for a walk, do something other than being on your phone. Enjoy life because it‚Äôs short man. Find Christ brother hes the answer.",youtube,wgbV-KCiwSU,2024-04-21T18:45:03Z,People & Blogs,3
febb6e33-2f4e-4005-a0b7-8318beb69905,522,,,id_522,@@davisng6982 I‚Äôll make a more in depth tutorial soon on how to do it üòä,youtube,o30v-awPwmQ,2025-02-16T08:40:29Z,People & Blogs,2
ebb79819-ae51-4f9b-b14d-5ae3411ccfc0,2492,theconfusedmillennial,,17968030480089279,@martinadelreyann yeah I believe it! I always want to move to Cali but between real estate and your taxes I‚Äôm like ü§∑üèª‚Äç‚ôÄÔ∏èü§¶üèª‚Äç‚ôÄÔ∏èüôÖüèª‚Äç‚ôÄÔ∏è,instagram,,,,4
822cd84e-7f47-4110-bf4b-c29e6c86f3b6,9833,tori.mccain,,17844509764410431,@theuphillslide thank you so much! I‚Äôm completely covered as well. It was definitely hard for me to accept them but once I did it made life so much easier! Well said ü•∞,instagram,,,,5
379c90c9-f019-4a9a-a63c-d07b8b8a1cc4,1980,cheekymarxist,ChapoTrapHouse,eku05pg,"I would rather see a cabinet of republicans and democrats placed in a blender.

If not blended, how bout pureed?",reddit,,,,4
fbef82a6-2cd7-42ca-b802-2fe135ddf923,275,,,id_275,"i love that part too, le looks really in love :)",youtube,X4YK-DEkvcw,2018-11-30T02:14:20Z,Music,0
74936dfa-aaae-4f41-9915-e7b4c76e1506,43,,,id_954,LOL! I bet he was glad to have it! They don't give those away. Mine's still doing great. I'll be using it this week so I'll let you know. Thanks Tim.,youtube,0NZ7-2xgJ3c,2022-08-09T15:26:27Z,Education,1
e236af19-3c54-45e4-914b-9539ef60fde7,4387,chinnychinchin1975,antiwork,j4buuot,He‚Äôs so nasty he didn‚Äôt even wash his hands after all that SHIT! People are disgusting! I would have washed my hands and face and scrubbed my lip. Smh,reddit,,,,1
3985139e-3e49-442d-aa34-2c2f136e050f,1581,PommeDeSang,AmItheAsshole,i4v1tsz,"NTA. First of all you're not always going to be with your friends and even if you were, shit still happens. That is life.",reddit,,,,2
ef54feeb-4fd4-4dfb-b3df-d539232b001f,709,,,id_1620,"Oh, I‚Äôm not sure what‚Äôs going on. I tried to change the settings but according to Google, it should be available. If not, you can email me (my email is in the description box) and I can email you the PDF!",youtube,xg0F-bWLmMk,2021-02-24T04:04:55Z,Howto & Style,2
98fb4f05-1a1b-4524-b438-1982cae2fc31,6000,iambravemarisolvasquez,,17958796276112918,@brokemillennialblog I hear you! I‚Äôm kind of cheap too so paying for extra data would deter from checking it üòâ,instagram,,,,3
5c8a26fc-42b7-4527-8f89-b2943d9f991b,1774,Thethirdtoken,AskReddit,ewu2ur2,"The world would be a much better place if people just lowered their expectations, it's an unpopular opinion, because nobody likes negativity, but so much sadness and depression could be avoidable if we were just more realistic about our lives.",reddit,,,,5
ff071f70-2352-47a1-80b0-e62b9a355ddb,618,,,id_1529,"Nope...ethan said himself that he's drooping down stakes after having a negative $1,000,000 2023",youtube,CrBpfq-Hb7Y,2024-02-10T06:33:10Z,Gaming,2
d873affb-b38d-40f2-8fa2-f683adf99d85,2086,TheIncredibleBanner,marvelstudios,d6mkzpp,"That university seen where blonsky is running TOWARDS the hulk is amazing. Dude puts it all on the line. Seriously looked and felt a bit like shadow of the colossus.

On the other hand, Liv Tyler.",reddit,,,,3
d680a71c-53db-4f13-9063-50a4b088128d,3277,gnomieathomie,quilting,feertge,I just bought a peanut butter and jelly colored fat quarter bundle from cottoneer. OOPS!! No idea what to do with it. Any suggestions for fun fat quarter friendly quilt patterns?,reddit,,,,3
ac30d876-f31e-485b-b8bf-f8f545e7bec4,9738,corinneevans,,18019465399069186,@mermaid_angelwings I hear you on the feeling weak situation. It‚Äôs all about taking time and listening to our bodies. Food effort on the run .. I hate running haha,instagram,,,,1
eaa53c4c-cf2f-4433-8a63-48293da1b345,3033,deepthaw,marvelstudios,deok05r,"Upon his death, David Bowie's essence scattered itself across space and time. Two sparks of the Ziggy Stardust era coalesced into the Collector and Grandmaster.

Just wait for Thor: Moonage Daydream",reddit,,,,3
60dbdfaf-b74c-46ec-8465-8eebe5730650,3465,Chasing9,GreenBayPackers,dx3j17j,Cheesehead in Kentucky here. There's no way in hell I'm getting tickets to that first home game is there? ‡≤†_‡≤†,reddit,,,,3
72fc8f31-5a1a-4c61-ba56-381e24444f01,6268,britstrawbridge,,17876745610315132,@this_beauty_full_life so happy to have photos like this! I‚Äôm glad you have one too! Glad you are okay mama! Thanks for your kind words!,instagram,,,,4
fe4cf28e-8784-4df7-a99f-93f211725984,755,,,id_1666,"DDLC is much more accessible to a general audience, which is the most important thing when it comes to popularity.",youtube,krq6-1ht_kk,2018-04-05T01:39:56Z,Gaming,4
fb7a1d5c-d914-49b0-a0f2-02765579d6cd,3086,shadesofblueinteriors,,17868683251184154,"@sue_ives did you check my blog post? I explain where I got them, what they are called and I even link to them! :)",instagram,,,,3
6d902ef7-01a9-4c64-bbd5-1f031103edb0,9367,sweetersidemom,,18037308919127538,@thepearlcurriculum ahahaha yesssss so glad you love the idea as much as I do lol. It was one of those ideas that I was like ‚Äúplease PLEASE work‚Äù lol,instagram,,,,4
cf7e7c1b-ba27-4c28-8988-6c5ba84c7d65,3694,Lilbitch-gotnochill,vegan,hpnxzcl,"Haven‚Äôt touched meat my entire life, my great grandparents never ate meat their entire life either they were 102 years and 96 years at the time of their death.",reddit,,,,0
6fe9fa48-104a-45f9-b86c-da1cbeee4da9,1,yuckylavado,,17939869570051845,@kinuko.0901 I love London! One of my favorites. Genuinely. I was just thinking the other day I would like to go to Tokyo one day! I will have to ask you for advice when I go. P.S. thank you for your checkin.... email coming your way soon. You badass üòâ,instagram,,,,3
3c7f49bd-9348-46a9-89f2-570866cf8cf2,2039,howjendoesit,,17851302787345416,@soulaa68 I‚Äôm so sorry that you are feeling discouraged. Please know that you are loved and God hears you and knows your struggles. Hugs,instagram,,,,4
e67e027f-73a8-4e91-bf9e-40d2a9caa8aa,2160,Automaticman01,Disney_Infinity,g76tkh3,Marvel Battlegrounds seems to be the hardest/most expensive playset to get. I feel like I also had to wait a while to get the Spiderman playset at a decent price.,reddit,,,,3
35b79e14-1d66-46ae-b633-3086a83984d4,893,,,id_893,"Relax, he was invited by the wardens.  These events keep the prison a safer place genius as the prisoners aren't as resentful.  Good thing clowns like you aren't in charge.",youtube,7e2B-thaJG0,2019-10-02T17:11:30Z,Music,2
df3f549b-83dc-49bb-afe6-b0ddffda5be9,3,,,id_3,I've learned all my patience from Amiga. Other computer fanatics have failed at that. They do not know what is patience.,youtube,PrZ8-TorUXA,2023-08-29T21:26:00Z,Science & Technology,3
6a64b082-f26f-43d5-9ebf-3d1dfe53cc61,233,,,id_1990,"Hell yeah, another funks fan, i was immediately like yup ill be seeing this in a day or two",youtube,RXUj-9V2-lY,2022-09-01T00:30:39Z,Howto & Style,1
50bd31a7-f153-407f-be59-808e670e53d8,2374,sclort,Shamchat,dxftlby,"they come and go in waves almost, but since the captcha is so easy to bypass now, they might just keep increasing.",reddit,,,,3
451bfafd-c303-45d5-8fe7-ee17961c72d4,87,,,id_1844,Can you help with the reliable source I would really appreciate it. Many people talk about mushrooms and psychedelics but nobody talks about where to get them. Very hard to get a reliable source here in Australia. Really need!,youtube,Fg7U-BhiZGE,2025-05-23T03:58:30Z,People & Blogs,3
ff60222e-3d62-4982-b93e-b707f4eb9a1c,2462,LostMyLid,dndmemes,hs8anzw,"But that's what the one level of rogue is for.  
sweet, sweet +8 to stealth, am the stealthiest even in my gleaming full plate armor.",reddit,,,,3
622b424d-a348-4f38-8e05-a28d7f7a39eb,209,,,id_1966,On last rep I feel that my core  is giving out not my legs.Always think that you spread the floor apart with the legs to generate as much force as possible with the legs,youtube,dzb5-kUJ1qY,2021-10-15T08:24:12Z,People & Blogs,2
6b148d72-7406-4ab7-bf03-a4f6a5bcb107,790,DrPepperThanks,ukpolitics,gmkr8vb,"Her administration was based on a confidence trick in which the voting public weren't given a wage increase, but they were given access to cheap credit which allowed them to fund their lifestyles for around 35 years",reddit,,,,2
ad257275-8598-46a9-8c53-ac2df6d1c3fe,9236,middleofadventure,,17920546888139336,@newgirlintoon Thank you!! It annoyed me so much üòÇ And I shall - I've been there a few times and love it so much. Can't wait to explore more! ‚ù§Ô∏è,instagram,,,,4
c5182d13-e2c2-4a2c-a847-1113baf93cd8,9841,nourish.with.sanity,,17869044082369420,"@streetsmart.rd in the instance where sustained weight loss can only be maintained with restriction and rigid approaches, I don't think there is any benefit that outweighs the risks of health impacts that result when restriction is primary. But in some cases, sustained weight loss can be possible without being more rigid and without restriction. There are examples of that possibility, but it's definitely another point where we have to tease apart the message and make it individual as you mentioned. Isolation, restriction, rigid approaches, all of those things are not positive and if that's the only way to sustain weight loss then no, it isn't inclusive of mental/social/emotional health.",instagram,,,,3
c471dece-d56b-48ac-b56f-b5a40428fe4c,722,,,id_722,"Kamala never received one vote , she is unworthy she always will be unworthy because she was installed. Only the Democrats can complain about their choice forced on them by dictators of the Democratic Party",youtube,i09U-eoq-bk,2024-08-04T20:35:43Z,Sports,3
75644b3d-78b0-42bd-b5a8-4f6628ba9ee7,9879,livelaughlove_beyou,,17979050380145697,@lcq33185 oh lady you know I‚Äôm all about eating whatever you like want and crave!! I love Oreos too. I get it üòÇ. And changing it up is definitely important not only to enjoy more foods. It also so you don‚Äôt start to get on a comfort zone and fear other foods!,instagram,,,,2
957e911e-df98-40b2-b7f8-ce226f28e8e2,4288,xd_Twitched,MovieDetails,fk1mevd,Found this in The Harry Potter film wizardry book- it is an amazing boon and I really recommend it :),reddit,,,,3
59c6266b-209e-404b-81ce-bd2a43e537fa,745,magdalenschkova,,17885457772058209,@madesintya hahaha stop the spam üòÇüôèüèª I will post that video for my birthday this year üíò you still have it ? üôÖüèº,instagram,,,,0
526e4003-880a-431b-9f77-93d6467a189c,564,ZJS102,NASCAR,gydcuh6,"As much as I liked looking at Rick Hendrick's back, I would've liked to have seen all 4 Hendrick cars cross the line Fox",reddit,,,,2
93a1ed11-4dbb-4c58-aab4-441c8f438660,7155,livinleggings,,17952460837169356,"@foxyogamom ah thank you lovely! And I hear you, it took me so so long to be even find a moment of balance here when other shapes I was starting to have confident holds in! I don‚Äôt see why it‚Äôs SO different üòÇü§∑üèº‚Äç‚ôÄÔ∏è",instagram,,,,3
ebccd832-1e8e-432a-865a-08ac7410f01f,149,,,id_1060,"By buying the license, the copyright claims don't affect your channel; it just makes it unmonetized.",youtube,H_e2c3-X2JA,2023-01-27T13:20:24Z,People & Blogs,3
336064ca-6225-4f4d-b494-d491f5374791,292,yessybuttons,,17966963236055608,@dilligent_koa thank you so v much!! I need all the happy/positive vibes üíõüôÉ I need a good hike far away lol just music and nature. But it‚Äôs so darn hot in az right now lol. But thank you for all the kind words üíóüòÉ‚ô•Ô∏è,instagram,,,,2
3e0c7cda-8749-4b88-b7c4-1d17e6869c9c,252,,,id_252,More than one million dead and counting around the world can't be wrong. What did any of this garbage have to do with the song?,youtube,X4YK-DEkvcw,2020-10-14T14:35:25Z,Music,2
96794ad5-f662-4265-8dd5-682785a8ed5e,1240,TubbleRole,Paladins,djokrnu,"I want to say this,for people mentioning and people asking for it

First of all,it's a fictional drawing,why does the age of a fictional drawing matter?We don't need to ascribe age to something fictional...",reddit,,,,3
fa3fc350-cf86-4723-bf41-59d80846d961,3697,Ok_Panic3397,RustConsole,kamu7my,"Last wipe I raided every 1x2 near me. Ended wipe with disposable MP5‚Äôs, Tommy‚Äôs SAR‚Äôs and a 2 boxes full of AK‚Äôs. Not one of them was crafted by me. I‚Äôd raid it",reddit,,,,5
ae0493ca-ec1a-4f78-8557-41a231645f1a,2040,12crowsinatrenchcoat,AskReddit,g5x4pal,i wouldn't because i know the people of this country aren't ready for that. I'll just be here helping my own community until i get dragged away by MAGAts.,reddit,,,,5
dfd4f9cf-06d3-4716-9a61-8af2bdab28c7,676,delightnoted,,18002725675178378,"@overflowingcottage thank you! I do! The chairs were from @birchlane , the pitcher was from Goodwill (last year) and the greenery I believe I found at Michaels!",instagram,,,,4
94baa392-a042-43e6-84ef-8f86cc755d5a,562,,,id_562,"She didn‚Äôt know the name, it was a miscarriage baby and the name was never said",youtube,MlLKVG-y95k,2024-06-06T22:17:53Z,Entertainment,2
12e8ba99-b730-4360-ba48-41a0fecb340c,9985,sarahkirbyblog,,17845209988327357,@morethangreens they‚Äôre worth trying! If you look on their Twitter account page they have tweeted a list of the 900 stores selling them. We had to travel a bit to get one as none of our local shops were on the list xx,instagram,,,,1
9232b064-c542-421f-9bd9-ac73860f6617,3252,thejanuaryfallen,AssassinsCreedOdyssey,g3hjo11,"SHE'S A BITCH!!! Congrats!!! This boss fight took me a VERY long time to beat. Weeks if not a month of taking breaks, trying again, taking breaks, trying again. 

Congrats!!!",reddit,,,,5
bf8642d9-c81a-4678-a1aa-69d364b54b39,225,aristailona,,17956588330098436,"@9mm__nina oh love!! I‚Äôm sending you so much strength to push through that with compassion towards yourself. If you ever need deeper support, I‚Äôm here üôè know that it can be healed and shifted. You are not alone",instagram,,,,2
9fea6488-10f5-4622-af74-996e4e8fd114,3737,castironandpearls,,17987127826069684,@restandriesling I‚Äôve only been to @snoozeameatery and the @theviewhouse in Littleton. I‚Äôll check out @workandclassdenver! If you are still in town @unomaspearlstreet is great. And they have @maskaosdenver too with both pizza and tacos!!!,instagram,,,,1
722fb3f6-00b3-4297-891e-909c43aaa672,616,,,id_616,No because I don‚Äôt know what stranger things are or is,youtube,Ux4x-pH2RdY,2020-03-15T06:21:15Z,Entertainment,1
27166f6c-6288-402d-997d-e2853b216e4a,184,,,id_1941,"NTSC is 60i fps and PAL is 50i fps. You're probably confusing it with the traditional framerate of film, which is 24 fps. TV broadcasts have always supported HFR, but the actual content being broadcast would have been (and still is) anywhere from 24 fps to 60 fps.",youtube,aqz-KE-bpKQ,2014-11-28T21:11:13Z,Film & Animation,3
cf5d89ce-f4e0-4df6-ba7a-dce7daf39912,3002,smallstuffemily,,17997400969158214,@christileeplusthree sharing rooms was fun! We have one brother so he always got his own. I‚Äôm so glad to connect with you! I think a lot of organizing and DIY is gaining confidence one little project at a time!,instagram,,,,5
641d88c1-6814-49a5-bc0e-60a150f2a3b1,4510,getfatwithnat,,17908347178203011,"@loves2brunch honestly, what an embarrassment. I know how frustrating and exhausting this experience was for just us two adults, let alone the thought of having two children! I really feel for you! 
The rest of the trip was amazing - our destination wedding could not have been more perfect and the Egyptian portion was just incredible thanks to bench Africa/Kanoo Travel who organised the whole thing.",instagram,,,,4
82affecf-5ffe-49dd-a295-8868942edd7d,36,,,id_1793,"As the brother of 3 sisters, I can tell you firsthand that it's not about her being accountable, but being safe.

A lot of people are GREAT when the relationship first starts, and then their true colors start to show.

They become dangerous, and it becomes dangerous for them to break up with someone, especially if they become abusive.

Some even begin making veiled threats about what would happen if she ever left him - narcissistic emotional manipulation. 

You know how many times between me and my dad my sister's exes just broke up with them for no reason?

They didn't need to be accountable... they had accountability at home.",youtube,bzXw-Vs_8mY,2025-04-26T15:10:34Z,Entertainment,1
8c35b951-26ea-4c2c-9c89-4354368e9e93,688,,,id_1599,Replace the foam or rubber edge that surrounds the cone...the sooner the better.,youtube,Ro4P-9-v1k0,2024-10-08T18:27:04Z,People & Blogs,4
f363cce5-b706-41ec-9cb1-c14dff3bd2d1,509,dahliaflat,SuicideWatch,fwvjjzb,"Privilege doesn‚Äôt matter, ok? Everything you feel is valid and don‚Äôt let anyone tell you otherwise. Have you talked with your parents about anything?",reddit,,,,4
f506f5eb-49f7-4f01-8763-9ef54d1f1cee,3155,pixelamb,AskReddit,f36ga6j,I‚Äôm going to refer you to r/outoftheloop . It‚Äôs a subreddit meant for posts exactly like this if you feel uninformed about anything,reddit,,,,2
6760ff67-8d4d-4df3-b4be-7efde21d57f7,3806,Mr_Flint_Stone,isopodexchange,hlwbnv0,"It looks like Battlenet is having a Black Friday sale right now, too. I'd be trading in your favor so this could really sweeten the deal",reddit,,,,3
74db770f-dbf2-48f7-a436-59c949f2e34a,6108,dobiesisters,,17952635356258855,"@kai.the.golden.retriever thank you Kai! As much as we usually like snow, we‚Äôre ready to warm up and thaw out!! Likewise, thanks for always being so sweet and kind! Sending you lots of love too!! üêæ‚ù§Ô∏è",instagram,,,,5
9dd6521f-df1f-437f-89b5-b6b0ea6a132a,7132,saammiieex,,17887113043242410,"@jemma_slimmingworld_diary hiya, really want to try this out but I‚Äôve never really used my slow cooker for much other then a stew. When you say you put the chicken in over night do you had water or anything? Probably such a stupid question x",instagram,,,,2
c5b78593-6188-45d3-9d03-e065cc469bfe,2100,CleaningBeret83,dyinglight,gincgcz,Anybody know why you can‚Äôt punch them sometimes. Like why the prompt just doesn‚Äôt appear then you‚Äôre looking at them. It‚Äôs really frustrating.,reddit,,,,2
ce02da34-e0b6-4dae-9981-417a9a9b8422,991,CrutchTouch,darksouls,epi2bfm,"I rarely ever use the silver pendant either, find its usage during the fight cumbersome and just heal through the magic attacks that I can‚Äôt fully dodge through.",reddit,,,,4
7c536ca3-fa0f-4df5-8883-61c4bd3da314,3910,fitbyfifty.us,,18051658780048023,"@liftingweightsnotwine Thank you so much Angie üòòand I totally understand that .  I have a tendency to go ‚ÄúALL IN ‚Äú and sometimes it can be a bit much but I knew what I was getting myself into and I know this is only for 12 weeks .  After that , it‚Äôs back to just living the #fitnesslifestyle and having more balance .  Keep doing your thang and avoid letting it add stress !",instagram,,,,2
cd95d685-d636-43d1-a00f-aa30dd77e7fa,2410,aboutthishaus,,17877879814302039,"@designhunter_uk It‚Äôs a beautiful finish, I love it. I just wish it was harder wearing, I find it leaves a grey cast rather quickly. Not sure if it‚Äôs what I‚Äôve used and maybe I should try another brand before using something else. Is there a particular brand you like using? X",instagram,,,,2
480a4fb0-e1ec-4550-aa2e-d4c3b03ad983,2797,Jabaskunda,CitiesSkylines,k5p71i2,CS2 is a an astonishing simulation while CS is good for build a city but not so good if you want to manage a city,reddit,,,,3
70751bde-8a1a-4fee-a564-7ccb861870ec,296,,,id_296,Lucky you. I work with no escalators with walls as views.,youtube,X4YK-DEkvcw,2016-05-29T15:41:30Z,Music,2
2fed3c62-427b-4b0b-ab6f-634b85503d8c,1818,kingbitchtits,CryptoCurrency,hq4qcur,Yeah but it could be used as currency for the entire country therfore it will be regulated. On that note which federally approved network is the USADD gonna run on.,reddit,,,,2
8badf6a2-602e-4358-bc00-860b47279c9f,297,,,id_2054,But this last for 6 years and you own it and its your private gym.,youtube,hZhI-iTdIWg,2025-01-31T21:57:28Z,People & Blogs,2
a7da4f56-5ef5-413d-9d54-e84cdab395fc,7308,exploringdomesticity,,17976959728110802,"@kimchapman6718 I really like it, but it does take up space on the counter right now. As I get better at it and use it more, I almost think we could replace our toaster oven, but I'm not sure yet. I think they do have very small ones... I'll keep you posted!!",instagram,,,,3
7a3ad8c8-ed2e-4272-90ca-278ac142a60a,286,,,id_2043,You can do a ton of exercises with these. What are you talking about?,youtube,hZhI-iTdIWg,2025-02-11T08:40:54Z,People & Blogs,3
b21c68d3-e72c-422c-b7d1-962cceb6f896,7633,sanne_reads,,17883761290174385,"@booksandrachel hahaha aaw, l've been feeling doomed for a while now on BG so nu surprise there..üòÜ You're absolutely right though, it takes so much time (take pictures, write captions, like, comment etc). And of course we need time to READ.üíÉ I honestly don't know how they do it either.üòÇ",instagram,,,,6
22b48f5f-2336-4098-8571-7f91f2d15b3f,2793,00tool,funny,icjwk7r,"just take a hammer and pull out the rollers out of the guides, the door will roll down without falling if the steel cable us still attached. 
the door is fine looks like the roller is broken. 10$ fix.",reddit,,,,4
faa51582-e33a-4738-b64e-05b56ea8d41b,6960,justafewchanges,,17952891652087549,"@_homebirds_ oh no, wishing you a speedy recovery! This was round one, three bags of clothes for the homeless of Essex and I‚Äôm planning round two at the weekend! X",instagram,,,,1
1b0c9e94-0706-42fa-8924-6cf7d5b23ea5,9871,yoitsmaddyob,,17907850675097903,"@crystalseaver good for you! I failed to mention my advice was from learning at 12 years old, probably not quite as quick a learner as you are now! Glad you're having fun on this new adventure!",instagram,,,,4
dc6f01ab-eefc-4f0e-b773-e4dba7e4e8fa,1091,daniellellp,,17911239619088435,"@pebbles_and_peanuts Hehe.. thank you, he definitley doesn‚Äôt question, he‚Äôs just baffled sometimesüòÇ. I won‚Äôt do both as it would be too dark, prob just paint the walls!üòâxxx",instagram,,,,2
42195a80-55d5-407a-9517-e7ed6f83c76e,1067,Genetiker27,minnesotavikings,ix5obfr,"Guys it‚Äôs fine, as long as all our playoff games are at noon it‚Äôs all good. I‚Äôll start the petition now for Super Bowl to kick off at 12 CST",reddit,,,,3
265ea968-ecad-42ca-92b0-1207ea00ad98,285,RudeBlueJeans,ask,kbe2cd2,"I was only approached 1 time.  I love him so much.  And I was a beautiful girl when I was younger.  Just very introverted, short and with dark hair.  If that has something to do with it. Oh well.",reddit,,,,2
95ae8f2e-c9e3-4acf-859c-b146955605c1,182,,,id_1093,That's unfortunate. Where do you live? Hope you find an aat soon. Is online an option?,youtube,0WX6-qOYFvY,2014-05-29T05:32:03Z,Entertainment,5
4de8d3ac-1266-454e-95b1-c21913430e97,263,,,id_1174,"Be grateful you do not relate! In my life, addiction has caused a great deal of suffering ‚ù§",youtube,Fg7U-BhiZGE,2025-05-23T15:23:37Z,People & Blogs,1
7f213f5b-3a41-44d0-b96f-e796b67c42c6,7285,polcat625,,17985528115077597,@dave7herave it‚Äôs amazing. Spoon of almond butter and a sprinkle of nutty granola on top if you‚Äôre feeling fancy!! So good,instagram,,,,4
b18b9dbd-a343-41bd-9655-c833fd912221,1112,thehealthylifeisgood,,17897313607175449,"@brandi_rambling yay! Hi!! I'm excited for you to read and follow along. It's such a good book, with realistic principles to live by- life long. Let me know if you watch it! Love to know your thoughts:)",instagram,,,,2
16a3e7be-5a2d-41e0-afab-becaea61b42a,22,,,id_933,"I think your dealer pricing is highway robbery. My K1100 was costing less to run than equivalent Honda and Kawasaki, never found out about Yamaha, but probably the same. I have had the clutch replaced with original parts for approximately $2000 Australian dollars. A complete tear down of the K100 was $1700 to replace all gearbox seals and the input shaft, at about 200,000 Km. Anyone familiar with the K100 knows this is inevitable on K100 bikes. My K100&K1100 both made 300,000 Km before selling. Been pretty happy with K series but K1600 is too heavy for an old blighter like me(nearly 70!).",youtube,X7J3-4mC6ws,2022-01-31T14:57:40Z,Autos & Vehicles,2
e92677c4-48c1-4749-bc6a-ffd0d9e29414,228,,,id_1139,By the looks of it sounds like people who where almost blackout drunk daily/ more than once a week,youtube,Fg7U-BhiZGE,2025-06-11T14:12:07Z,People & Blogs,3
9937e61a-0f51-4b9e-990a-cdf66f988106,413,,,id_1324,"@Charlie Hebdo thank you Charlie. It's just that I read on Google that its not illegal, but immoral. Go God's law above man's law. So I'm not sure. I'll ask my priest too",youtube,JgtJ-sFzWww,2021-06-03T22:18:53Z,Entertainment,2
3ab8ecba-d8e0-4073-bd67-3b34fbeeb5e2,316,,,id_2073,Hello My friend thank you for watching.No nothing wrong with crawling my friend in that part everyone need safety first.There‚Äôs a full episode of this was uploaded 3months ago.. Thank you for watching my friend.,youtube,O_4uU6-6jC8,2022-10-26T05:56:02Z,Gaming,4
2edad23c-4230-4ebd-ad70-8171a09b8b78,547,,,id_547,"She genuinely waited 4 months to finally ""say something"" like bruh you could've done that when they announced the name",youtube,MlLKVG-y95k,2024-09-01T15:20:37Z,Entertainment,1
e723b569-4fb3-4723-9eec-0649e1605626,6480,thechillmom,,18011900371111335,@mary_anne_lin Thank you Mary. It‚Äôs my pleasure to have met you and being able to call you my friend now. ‚ò∫Ô∏è,instagram,,,,1
3e4eb78c-03ee-469a-bcac-046af516ee8d,1484,panache_mania,,17980959370173336,@ankitashalini25 Awwwwww üòôüòôüòôüòôüíï Love you Anki with all my ‚ù§  and so glad to have you in my journey and sharing such amazing memories. Cheers to the good days ü•Çüéâüíï,instagram,,,,3
b1f9448c-bafa-4180-9a99-2afb84ec2ebe,2841,laurelryser,,17894705581215918,@pataraelephantfarm that is amazing to  hear! I want to come back soon‚ù§Ô∏è expect me! And of course you can repost.,instagram,,,,5
f65909c2-a39b-4f85-9c53-102fb10fc978,771,ignorantnormie,bettafish,jcrh5of,"This is why I mix in distilled water when I add new water to ""replace"" the water that evaporated (and left behind minerals)",reddit,,,,2
a3e88127-2f73-4d93-af8e-a7e2863ed0bd,1563,Arnold_3135,u_Forsage_io,guek77o,"Useful information, I did not think that a closed wallet is more dangerous than an open one, and in general I somehow did not ask this question",reddit,,,,2
61d9ce88-49af-405d-9fc9-74f230a7ea6a,312,,,id_312,"Honestly, I don't see that besides some structure relevance. Other than that, the instruments, atmosphere, vocals, and lyrics are so different. The structure is even fairly different to me.",youtube,X4YK-DEkvcw,2014-11-11T02:52:31Z,Music,2
3f9a4dc8-59c9-4b63-a63f-5ba17c728ea7,1827,thefashionfitnessfoodie,,17924483905220532,@jbecker63012 I‚Äôm so sorry to hear you want through this. The healthcare system is flawed in so many ways. This is a comment on representation. I am not minimising your struggles. ‚ù§Ô∏è,instagram,,,,1
81b778ef-ff52-439e-a368-c4971dc2d06a,2720,eaustin86,,17915130937189142,@heyitsok.holly I‚Äôm with you sister! Haha! I never get anything done! Sometimes finding the time to get showered and dressed is a struggle hahaha! Xxxxx,instagram,,,,4
d697e47f-e538-40e4-bf64-1e79ef99d959,2862,Fatgrandma24,antiMLM,gf8jh9a,This makes me so angry.  There have been many times in my life I didn't have 2 dollars let alone 20.  Asshat.,reddit,,,,5
5259da0f-8882-4dd2-809e-288d9ea48a98,8338,eclectic_twist,,17857752625264919,@blissfully_eclectic oooohhh so excited to see what you are up to sweets! Hope you're having a great time on vacay!! ‚ù§‚ù§,instagram,,,,1
d78bb9e3-60ee-4774-88a5-7045334e9fcd,7725,khan_plastic_surgery,,17886998698282534,@planomoms no problem! Would love to host an info night for the Plano moms group...even better we are having a grand opening on December 8th for the Plano office so would love to invite you and the rest of the group. I will DM you the invite :)),instagram,,,,5
b7ae16d3-b04e-4a6c-ac63-0cc3e3f97d02,2716,Teleclast,pcmasterrace,e0mlty7,"Nope. I‚Äôm still enjoying the few games that give me thousands of hours of gameplay like PoE, Minecraft, Factorio, Forts, etc. 

Moddavle and enjoyable. I got no money for upgrades or games man lmao",reddit,,,,2
20830b8b-4df8-4203-b156-77874020278f,1485,crystalseaver,,17885002132188856,"@kelli_nz I‚Äôm totally okay with sweat üí¶ my buns off üòÇ. I‚Äôm aiming my for 80 - but, it will depend on how Mother Nature plays - we have a blizzard forecast for tomorrow followed by even colder temperatures so we will see. What are you aiming for..?",instagram,,,,1
fdcf27e9-0f92-4f2e-a07a-a3eaec2353fb,6653,rachdsilly,,17916475837168552,"@juleenmad hahaha I will miss that too, and promise to make you thanksgiving sweet potatoes when you visit the US!",instagram,,,,2
1b44001d-2862-4a2a-af05-b867a4deb6f9,5457,jennrichardson.xo,,17922478489249926,"@jarnadrj2001 noooo YOU are the exception. Honest to God. I have prayed for this miracle for you and Jr for years and you have no idea how HAPPY my heart is seeing this happen to you! Please keep sharing with me, you‚Äôre a true light in my life!!!",instagram,,,,4
6b682936-874d-4fe9-920c-e159e09bcd0a,2536,ravnos04,buildapc,jxwf9t4,"I built my first one at the age of 12 in 1998 from old PC parts I found in my Dad‚Äôs Air Force dumpster behind the warehouse he worked at. 

It can be done and you can do it.",reddit,,,,5
3c7a1376-1e2b-419d-93bf-6d92c0ff09fc,2017,gbimmer,AskReddit,c881ude,"A buddy in college dated a chick who screamed out, ""I say GODDAMN!"" like a Southern preacher.

We all heard it.",reddit,,,,1
ead5703e-0940-4173-bd76-6e22ab074626,5603,cnmoseby,,17884782250147841,"@jkatarinajk you do realize that Christmas trees are grown for Christmas. Assigned especially for this. Like they ha e ""Christmas tree farmers""....",instagram,,,,0
e994806f-f1c0-4dd4-9850-b9ad0444a655,3019,TTPKMF,blackopscoldwar,ge9n67s,Looks like this is unpopular but I think they had it perfect in BO2. Make them a little better and make them primaries.,reddit,,,,3
d249ffeb-4782-4abd-84a4-c3d9897dd2bd,345,,,id_1256,I know bro! I once ate a gummy bear during the gym and i gained 10 pounds of pure fat!!,youtube,1SW7-xbBAKo,2015-05-08T01:12:22Z,Entertainment,3
77a74c12-3e3e-4adc-9f00-8e13e57fdc69,448,,,id_448,Emma Taylor haha I‚Äôm barely on here but I‚Äôm trying to be a little more consistent hehe xx,youtube,2q82-0varGc,2020-04-28T12:20:31Z,People & Blogs,5
5554515a-9489-48d2-b603-500b5735618d,1797,TehAlex94,hearthstone,ct46fzl,after removing it make sure you change your bnet password i lost my WoW account to a trojan a couple years back.,reddit,,,,5
4fe2dbef-c7f5-4ba7-b152-359cc144ea90,781,,,id_781,"Absolutely! Some of those high-speed chase shots feel straight out of a Hollywood blockbuster ‚Äî the screeching tires, split-second decisions, and dramatic crashes keep you glued to the screen. Real-life adrenaline at its peak!",youtube,WhEeNh-o4XE,2025-06-18T03:24:24Z,Entertainment,4
99906810-85c3-4f81-8590-c1145f7a93bd,604,Knowbody2112,dating,hk8v2ue,"Probably. Time for you to spring go action and make sure rather than overthinking every movement and asking the internet about it. Hit her up, G",reddit,,,,5
dea9f715-ffae-44fe-a584-43a97a37e5ab,1645,putashirton123,canadatravel,hsoe3px,"As I understand it, you need to be double vaxxed and have a negative PCR test from with 72 hours of arrival at the border. Or you will be refused entry.",reddit,,,,0
d7d968a7-d369-4aa2-9ba3-a5ebe4bef0e6,4411,MightBeBren,AskReddit,grno180,I know a kid who thinks he got expelled for throwing his backpack... Its definitely not all the nazi racist shit he would do and be homophobic to an openly gay teacher,reddit,,,,1
9b6f4c28-9c91-4469-8378-c4cb4a06ce67,429,,,id_429,"generally this game is getting hate not because people are bad at it, but because this game(in peoples opinions) is not worth $80 and milestone is not listening to the community",youtube,7w3U-gl65_o,2019-02-11T08:33:30Z,Gaming,2
a7d84abd-4acd-40da-adf2-b9ab569b893f,1287,Davinator910,shitposting,i53p2s3,Most of you are so reactionary you can‚Äôt help but return to this ‚Äúonly 2 genders‚Äù shitüò¨time and time again,reddit,,,,1
4d443506-71ab-4b5d-91bc-51976d74be0d,87,snippetsofdesign,,17942856610041652,"@nicoletapuiu Thank you so much Nicoleta, I love your gallery as well.  It's been so very nice to meet you here on IG. ‚ù§",instagram,,,,5
16389d80-4828-4199-91f7-b37398b5f658,3895,rebelbynam63,GoneMildPlus,h7ynb7u,"I don't know why as I think you look gorgeous, but I also think you're still wearing too much!  üòâ",reddit,,,,2
8c5148e0-d380-4ee8-bcab-d4cc3c649e28,441,,,id_2198,"Good point. I like to use a pressure gauge especially when using the air/hydraulic, electric or battery pumps. This way you can tell very quickly if something is not right. If using a hand pump you can feel if there is a problem.
You can imagine, I have done this may times. You do get a fell for it, just like you do swinging on the end of hand tools.",youtube,qBc1Ba-0o9E,2018-11-17T03:37:40Z,Autos & Vehicles,3
c2428c11-2844-4b5d-912f-e8af25270c0d,262,,,id_262,Yes! I was scrolling to see if anyone else knew Nick,youtube,X4YK-DEkvcw,2021-03-23T22:30:28Z,Music,1
dfecd88a-cf93-4747-bfc5-0c2ae98cf856,1267,Domingo-Carmona,amcstock,gsmveu8,Personally I am committed to travel with my family to St Jude Children Hospital headquarters or a subsidiary in Miami Florida to anonymously drop in my donation check there.,reddit,,,,2
4ad04e68-e700-4af8-82e8-efdd54e4c4e7,679,Schmiddo,soccer,k6z9f0p,"Even after the 2nd goal, there is no pressure from Freiburg. They play like they just dont want to get demolished",reddit,,,,4
e08b43c6-5d34-4afd-a28f-e12b336527cd,3029,montel19,Repsneakers,h2wcixz,"Ordered on June 4th QC on the 5th, Tracking info on the 8th and arrived this morning. Feels good to finally get my first pair",reddit,,,,2
4d35bef6-a0d5-48b9-adad-b18987e7f16b,726,,,id_1637,Maybe one of these newly minted NFL draftees. I love Daytonas but that's really a 15k watch in precious metal.,youtube,D2xWAS-ptK8,2025-05-04T19:10:28Z,Entertainment,4
a23c25f5-af4b-4394-9e4f-a0d4db342aab,525,Pelut,croatia,f0oz7tk,"It‚Äôs because of football. GNK Dinamo Zagreb is playing against Atalanta on Zagreb‚Äôs Maksimir stadium. 

Police is escorting Atalanta‚Äôs fans that are arriving from Italy.",reddit,,,,5
11d07e4f-cf5b-47e7-9183-be9e852f30f9,6,,,id_1763,"Remember when I first started youtube and you tried trolling me then ?? Haha 300k followers over 3 platforms, your to late , clearly know me but could never come say it to my face , just know that !! An I‚Äôm being paid now aswel haha üëäüèºü¶ç",youtube,XZ9p-f4Ppr4,2023-08-25T18:12:01Z,People & Blogs,3
6a38930c-7864-4324-8109-44f37e408fd4,414,,,id_1325,"It's a great way to honor Jesus, but it's not a requirement. I do it, however.",youtube,JgtJ-sFzWww,2021-05-26T13:23:11Z,Entertainment,5
f1e92313-dc8c-4e37-829d-defe6563e99a,8270,amanda_bo_,,17849503249246715,@ghplusseven hey! You mean that you're looking for recipe ideas? Or you need knowledge and how to plan what to eat in a meal?,instagram,,,,5
f00699bf-a4da-47d8-9819-f8eb7bf582ac,676,,,id_676,"They use it to show her fragility so we can empathise with a mean character, understanding that she is only as critical of others as she is of herself. I wouldn't go as far as to say they condemn the behaviour as they do not show us the extent of the harm it can cause, instead portraying it as one of the quirks of a neurotic character, although there is some awareness that it is not normal or healthy behaviour.

I'd say Mean Girls is similar in that the film is a general criticism of toxic feminity, and diet culture is part of that, although in mean girls they don't make this clear, you can figure it out from the characters moral downfall and resolution
 Idk if that makes sense.",youtube,7c-3YU-3u8M,2024-03-05T08:32:28Z,People & Blogs,1
f4ed74bb-4b92-4ecb-a441-754f79607152,8560,carleysianjeffery,,1.79959E+16,@christinabaker91  on a side note here.. if you had to have the needles after birth does this mean the kids are the opposite blood type to you? I can‚Äôt remember what my girls were but I was Negative and dad positive?,instagram,,,,1
ea36f9a8-e45f-4b33-9c9e-65830481af62,1912,Legitimate-Garlic959,futurerevolution,h1p4tkh,I kinda hope this is a pay one price type of game.  I wouldn‚Äôt mind just paying a flat 10$ bucks like some games .,reddit,,,,1
31938868-5769-4242-8da8-a382493ab206,73,,,id_984,"Do you also hold right when you are about to go into the air though? Because if you are then that alone is the reason why you are making it, and both the miniturbo and the hopping actually do not matter (besides helping with muscle memory of course). Proof that speed and momentum do not matter: https://gyazo.com/5410761cbe4836330d46c2e3e750dc78 If you do not hold right, however, could I see your footage of that? I've namely never been able to consistently get it by just hopping alone.",youtube,H1Kb-ODQ3lw,2021-10-27T16:29:39Z,Gaming,3
739b3112-17c0-4228-9310-af8313c71584,328,,,id_328,Rite I was lyke that's a pregnant woman's pizza hahaha üòÜü§£üò≠,youtube,x4yk-LQhn_I,2025-04-15T21:40:20Z,People & Blogs,4
58126587-6142-4316-8447-bac8af4409d3,446,,,id_446,Are you applying the healing anti bacterial lotion at night before bed? This helps quicken the scab process. Washing your face slightly after 7 days if fine.,youtube,2q82-0varGc,2020-09-15T02:23:09Z,People & Blogs,2
7f353420-63e8-4291-bb2d-b5f4d2a6ef87,6237,renovating_pemberton_road,,18068399470011843,@all.things.homely oh I will thanks - that‚Äôs exactly my predicament so I‚Äôve cancelled the worktop from wren order but need to find the quartz alternative. Thank you üòä,instagram,,,,3
806c6da8-17eb-4dd3-b3d8-83df9e733c43,358,,,id_1269,"Happy new year to all.

I'm guessing it's so that the video can be used for any day. God bless.",youtube,JgtJ-sFzWww,2025-01-01T15:36:14Z,Entertainment,5
0e1f4974-3fef-4d40-abc4-0f236694f411,1443,GitMadCuzBad,television,e9nzibl,"I miss when political discourse was free of name calling, arguments from authorty, and strawman arguments, which is precisely the kind of cesspool these ""comedians"" preside in.",reddit,,,,0
a6cae246-0df0-4d55-8a9e-766d24c90ba4,1260,nicole781718,,17982146971030614,@jaazzmary I get what you're saying. I don't think those pages need to post our kids. I don't follow them. I follow those that post our kids. Number of followers shouldn't be that important.,instagram,,,,2
3aea37ac-bc63-426b-9e5f-74ee876f8d46,3146,Jon230770,LoveIslandTV,igsyw0s,She‚Äôs a wolf in sheep‚Äôs clothing. I don‚Äôt buy her innocent little girly giggle act. She was a complete and under bitch to Danica,reddit,,,,4
03cba502-a89e-4841-ac44-a5ca5fdeec8e,388,,,id_2145,we also offer shorter cylinders. This tool is not just limited to under bonnet (hood) work.,youtube,qBc1Ba-0o9E,2018-11-20T04:34:35Z,Autos & Vehicles,2
9d93cd8c-6163-4743-a7a7-d259095d0ad6,8129,claudia.jeann,,17967871951067127,@heidisarahroxanne Awh thank you so much for your kind words! And I hope we can both combat the chilling out guilt! I think it will help if people stop glamourising over working like that whole ‚Äúsleep when you‚Äôre dead‚Äù üòÖ!,instagram,,,,2
ee613555-e42b-429d-ab85-c925456cf40c,4097,hyrulian_princess,AskReddit,jskwbpc,I hate flowers but gifts and chocolates are nice but only if the chocolate is plain chocolate with nothing else in it,reddit,,,,2
7d86cc99-5199-43a0-bce7-7f576b5273e9,2920,alunderfullife,,17945788804203544,@enjoy.mamahood what a great idea! I never thought about a wine class - because of this you gave me the idea to get my grandma a wine and painting class gift card,instagram,,,,7
23906dd2-fd35-4752-bb82-843151d1f2ca,4342,CatfreshWilly,TESOfashion,hyvl8k1,"I realize this is a really old post but I'm just starting out and going for a Dr.Doom look myself. Could you let me know what armors you used if you can recall? Thank you. 

Looks amazing btw",reddit,,,,2
c967a471-adfd-4549-b5dc-1f6f85b880b4,911,Gingers_mom88,LPOTL,hs4h6tt,I went to school (Hoover and Mel High) with Ed and his sister. I feel just terrible for all that happened to him. I pray his life has gotten better and all his hopes and dreams have come true.,reddit,,,,2
21710864-d231-4a3c-8257-a6a255fa4276,736,,,id_1647,@@snakeman5250 its been good. My moms started playing zelda now and can use a full controller hahaha,youtube,krq6-1ht_kk,2022-08-20T16:09:18Z,Gaming,4
bdd2a97e-a3ea-4026-9b0a-6b52cc41d368,5091,lindaaabear,,17866998619241416,@raicee_ We met through mutual friends not too long ago! I‚Äôll let my sister you said hi too. What would the feature be regarding?,instagram,,,,2
d5c15286-23ee-4d1f-917d-6dc2c645e5fe,675,,,id_675,"I‚Äòm so sorry to hear that, it is cruel what some people say",youtube,7c-3YU-3u8M,2024-03-06T15:17:11Z,People & Blogs,1
570f45ef-8f9f-484f-9e9c-ef39ce5185dd,575,,,id_575,"@BigPP Johnson Brandon, Trump, Hillary, Bombama, Dubya ... All deserve to wear the orange jumpsuit.",youtube,pN-CD8z-15k,2022-05-25T05:37:50Z,News & Politics,4
c7f5deb2-d7f8-43f3-a460-0b8a1107039b,871,Yimpish,stlouiscitysc,jrfvz3e,"I prefer being underrated tbh, plus if you wanna see teams really underrated look at Real Salt Lake and Austin FC",reddit,,,,7
f969dd19-8018-4fca-87db-a69ba4e62ee6,4517,raysofdavies,tennis,e9zgehk,"Lendl needs to teach Zverev Murray‚Äôs second serve return technique of stepping forward as they look up. 

But holy shit he‚Äôs got the break. Novak wobbled first, didn‚Äôt anticipate that.",reddit,,,,0
d9569d0d-dc8b-487a-a633-67211c51506a,795,,,id_795,I think this is going to get views slowly but steadily trough the years but thats not the main point of this video. I just want to share the message of hydraulic pressing :D,youtube,L7rX-_iQdmY,2016-09-14T04:55:34Z,People & Blogs,5
7c54b9b0-0d85-4e52-8c4f-0bf2b57db69b,460,,,id_2217,It just a swear word like how is that funny new gen?,youtube,iVF0_i-ztqg,2025-05-10T05:19:19Z,Gaming,3
e1bba538-2a79-4274-a371-4b458fc5b3f4,281,,,id_2038,"TLDR: More band or rope stretches, the harder it is to pull, it should be hardest to pull when muscles in your arm are most extended instead it‚Äôs hardest to pull when the muscles are the most contracted meaning more energy for less muscle growth",youtube,hZhI-iTdIWg,2025-03-21T22:56:47Z,People & Blogs,2
f8cf7bc2-1501-4a87-b3da-65365e774acb,8855,amandamsheridan,,17900719858113984,@jesssouthern how many minutes do you use it for? @williapcy I don‚Äôt use mine either! I need a good tut on this thing!!,instagram,,,,2
2e460405-3814-48a9-be65-a0f565c3b4da,3183,chillmonkey88,AskReddit,iuwabku,Online opinions... people that are out of touch with the outside world and are only connected to people via the internet are mentally deranged.,reddit,,,,2
62809618-e8b3-4ed5-9fc9-40f128a116be,4462,punk_wytch1969,ask,johhrzi,"Fresh cut and strung green beans. 

Any fresh veggies from the garden really. Don't think you'll be able to find them anywhere just yet though.",reddit,,,,1
ddc2f955-9396-4558-9215-4c00bfcc10e1,239,,,id_1150,"Dude, some people just straight up talk fast. It's not that deep.",youtube,Fg7U-BhiZGE,2025-05-28T19:25:19Z,People & Blogs,3
e98c45af-b865-4173-b07d-59ee9231e9e4,382,,,id_2139,"show me some photos, and I'll see what we can do.",youtube,qBc1Ba-0o9E,2018-11-20T06:32:44Z,Autos & Vehicles,2
df49958e-ffba-40f0-8ccc-347842d27068,2876,ShamWowCunt,formula1,hoara3t,Well don't worry mate because I was booing and yelling all sorts of offensive stuff at Hamilton through my television. Also did some rituals. I'm down 2 fingers but it was worth it,reddit,,,,2
60ffd595-4bee-44f0-9254-6cb55c3d021a,668,,,id_1579,+THERHYD1Z3L it is free.  you do not have to buy a damn thing.  i have zero plans on paying for stupid cosmetic stuff.  its a fun free game.   maybe when its out of alpha ill buy something to give the devs some support.. but for now ill hold off and make sure they do not change it to a pay to win game.,youtube,D2dP--g7tXA,2015-08-29T20:03:31Z,Gaming,0
3adf6a22-a0f9-450b-917c-3f7939ad2516,279,,,id_2036,"When Nazi Germany occupied Belgium, why did the people resist?
Why weren't you the terrorists?
Simply because you are the oppressed
Believe me, my friend, I am from Syria, and what Israel is doing against the Syrian people is a crime against humanity. Almost every month, it sends its planes into Syrian territory to bomb airports and residential places.
So what about what they are doing in Palestine?
You should not take your information from the news
Read history and you will know who is right",youtube,Fk5F-u4r-Yk,2023-12-03T19:37:44Z,People & Blogs,1
05d46782-3835-45b3-8c30-422fd3bd8f3e,241,alyssagagarin,,17915660533004650,"@whole30unicorn what a great idea to use Potato! I was thinking almond meal as a binder, but potato would taste better, I think. I definitely want to test it out! Let me know if you test it too!",instagram,,,,3
c5ea6a47-be35-4bee-a6b6-9a8cf67ef369,19,,,id_1776,"And if we don't think like him, we're NOT a good man?",youtube,bzXw-Vs_8mY,2025-05-03T12:41:24Z,Entertainment,2
968d8cf3-bcf4-49df-8317-ff597ba5b289,8032,katieparient,,17893912558247320,"@laydeebug71 honey, you are like one of the last comments, that‚Äôs why I replied. I didn‚Äôt search for someone to argue with, and I don‚Äôt even plan to argue lmao. Sorry, sarcasm doesn‚Äôt always translate to InstagramüòÇ and also, on the Kardashian‚Äôs show, Kourtney has made comments about wanting another child but not a half sibling, she wants them full. And he‚Äôs made comments about more kids as well. So if she gets pregnant, that‚Äôs cool. If not, that‚Äôs cool too. It‚Äôs their lives. Scott also has always been a partier, even when his children were born. So that doesn‚Äôt change for him when he has kids. Lol I‚Äôm also sure people don‚Äôt date others just to date, they plan to start a life together. If they do, that‚Äôs awesome. They both deserve happiness",instagram,,,,7
9f308ca8-d387-4de8-a3a7-8e06adccc5d0,8494,caseymccain,,17866238671333478,"@goooooliaaa I see what you‚Äôre saying..but I feel like BlackRock is no different than ANY asset management firm such as Fidelity, Vanguard...they invest in almost ANY and ALL publicly traded companies. At least the CEO, Larry Fink, is a known lifelong democratic supporter",instagram,,,,3
2650e4d5-1418-4eb9-936f-c514bbab3385,6170,deepti.jagtap.52,,17942831806081435,@angelisborges oh my god.... Oh my god.... Oh my god.... A reply from the real Angelis Borges.... Is it real?.. I pinched myself and it is real... Thanx a ton... Your reply is really a booster for me to watch your videos..,instagram,,,,3
09831b27-d146-4461-8e2f-19aa562b81fb,2002,Herossaumure,KakosIndustries,cua05ol,"Thanks! If things break, please tell me bc most of this stuff isn't tested properly, so things can and will go wrong. (hopefully not though)",reddit,,,,4
b732dc5d-2672-45f3-86dc-a00ae1c43787,3227,HunterCovaMusic,OneyPlays,ju9v6bs,"I mean, dude has mentioned a couple times that he‚Äôs depressed and overtired. But let‚Äôs not forget that he‚Äôs still from the south so he could be a water person",reddit,,,,2
65da7159-da3b-494d-bbef-0d6e32119793,1803,Lipredstick,SuicideWatch,dimf7c8,"Same.

...I mean I don't really have anything supportive to say because I'm in the same situation but , at least you're not alone I guess?",reddit,,,,7
968e5909-2396-412f-ab31-2dbb3b92a338,25,,,id_936,"@Alfred Wedmore I see what you mean. I took ""horizontal"" to mean lengthwise.",youtube,X7J3-4mC6ws,2022-01-30T16:47:06Z,Autos & Vehicles,3
959d2431-b865-4258-9413-889fc2743005,4292,sophie.jaffe,,17887342783213115,@racheldoxzenyoga omg yes i drafted them last week they are going live any day now on my blog!!!! You read my mind x,instagram,,,,3
2f5f1fbe-e9d6-48c9-87d5-3cd32cf44d59,320,,,id_1231,Same here sober from alcohol and partying. Since 2011. Turns my stomach. Although I can now watch others indulge without being affected(or tempted) these days. That took about 7+ years of sobriety from alcohol and substance abuse.,youtube,Fg7U-BhiZGE,2025-05-22T12:14:34Z,People & Blogs,5
f6c0d93a-90b0-4f3c-8ffe-01d35a436b5d,842,,,id_1753,"Dumb, evil, corrupt, and entitled. A recipe for GOP prison sentence.",youtube,6awR-bmHmeQ,2020-05-25T06:03:56Z,News & Politics,3
7b4a1d2a-61c4-40dd-add8-a2d504e75284,3655,Bass_666,basspedals,jyldx09,"Nice, my first pedal back in the day was that Boss bass chorus. Don‚Äôt remember what I did with it. Must have traded it or something.",reddit,,,,2
7461f20a-6917-4897-bd2d-2c6adf5361bb,1862,EuRenideo,gwent,dht0b3b,"Open beta is gonna have a lot of rebalancing patches I'd assume. The overall design is great, but there are so many conditional swings that some of them are going to be out of whack, no matter what.",reddit,,,,4
7792bb12-cc9a-4a54-a887-8088d97b9372,828,ndncreek,scotus,jz60rud,"Then the question is can States now Criminally Charge those folks in Alabama for Laws interfering with Interstate Commerce.
Considering it is a Service being provided for monetary gain.",reddit,,,,0
f77d5253-3770-4cfe-af13-3f5f6d287e28,516,,,id_516,I think what you need is a financial  advisor assigned by a brokerage company that will trade for you and handle your capital professionally and give you weekly returns of investment without any extra fees attached,youtube,zRFBfT-4y08,2025-01-29T13:02:35Z,People & Blogs,4
fa42a2d7-8841-41dd-ace5-1213cc80950b,464,,,id_2221,I'm sooo sorry but realrosa must be crying rn bc all of u beat her world recordüòÖüòÖüòÖ,youtube,nHdx-ZqAotE,2025-06-09T09:40:45Z,Gaming,0
e3f64332-bb55-4574-a8ac-2402928a6d9f,34,A_Hatless_Casual,ageofsigmar,k22ppk0,It wont be delayed due to a new codex's release. World Eaters and Guard players only had a few months before the launch of 10th edition 40k.,reddit,,,,0
ebe65363-98d0-4992-8542-2be931cfecf6,294,,,id_294,"omg I'm so sorry for your loss, this comment saddened me so much",youtube,X4YK-DEkvcw,2016-06-10T03:42:00Z,Music,2
16de6450-e0c3-4fe1-a88e-6f9a3f83bea3,1216,Acayukes,Finland,jppas2p,"Becasue right-wing populist governement came to the power. It happened partly because of the war, partly because of the covid.",reddit,,,,3
bf030272-d403-4bd9-8a93-56e1eb63b803,7940,thejourneyjunkie,,18008020612109577,"@fra_symi you are definitely living your life and following your gut! It‚Äôs rare these days, thanks for leading the way üí´",instagram,,,,2
109f2160-605e-42ee-afb8-4950e3c4e3cc,50,,,id_1807,Psoriasis is different from cirrhosis. I‚Äôm just pointing out the difference. Rip to your father.,youtube,Fg7U-BhiZGE,2025-05-31T02:26:40Z,People & Blogs,4
cd7b8e04-1e56-4beb-b433-41ee001f0746,6415,themeparkhipster,,17967155437201659,"@lovelystep72 You‚Äôre welcome!!!! I‚Äôm excited for you all to be visiting Disney. If you have any questions, don‚Äôt hesitate to reach out üòÅ",instagram,,,,1
c38d0262-0d57-4e9d-9a55-22ea852fbf5e,450,,,id_1361,"Sir this video is used as a ""general"" rosary prayer a prayer to use any time no matter what day. You can find other videos explicitly for that day, god bless",youtube,JgtJ-sFzWww,2021-01-11T06:05:45Z,Entertainment,3
be560df8-266d-47c6-9b3f-dcdb95b2dbd2,3181,biffbobfred,Buttcoin,j8s7tty,"Bitcoin is fiat. There is no new tech in bitcoin, the innovation was paying the Bitcoin miners in Bitcoin, which has value ‚Äúby fiat‚Äù because the Satoshis told you so.",reddit,,,,0
b94e390e-59e5-4c98-ab31-ba6eb3e13fea,9051,mgrec77,,17873020771147127,"@fixthisbuildthat the same way you do the side mount. It's easy, once you use them once you'll never use side mounts again.  Cleaner look and a lot more adjustments also. Let me know what you think when you give thed a try.  I use the blumotion or accuride. Both are good.",instagram,,,,2
c418b0a2-1f0e-49ba-b0e0-7b3367a1acc3,459,,,id_1370,"Haha when I was like 7 or 8, I used to remember there was this kids' place called Chuck-ee Cheese and I remember how awful one game was. I think it was called Simon Says and it was a Tic-Tac-Toe game. Terrible payout, but I had fun with my family at the time. That was soooo long ago. Now I see these 5 year olds spinning the Big Bass Wheel where I'm at and landing the 1000 ticket bonus and freaking out over it like they went over the moon. Haha, good times! Now if only I could apply these skills down by the casino. Fat chance! Lol! ü§£ü§£ Thanks for dropping by! ‚úåÔ∏è‚úåÔ∏è",youtube,YusvIv-6Q24,2023-06-24T21:10:33Z,Entertainment,3
d17e3add-7ac8-40c6-af77-3565a069b667,89,,,id_1846,"Nice one Marcus, keep it up. YES, alcohol has destroyed so many lives whether taking alcohol or having suffered at the hands of the alcoholic, it can be truly an evil drink. There are plenty of other ways to enjoy life, alcohol is definitely not one of them. Wishing you all the very best of adventures, successes, love & luck Marcus, go you, proud of you! ü•∞",youtube,Fg7U-BhiZGE,2025-05-27T18:51:23Z,People & Blogs,2
4610d349-d2cc-4a55-8fba-505110d0ae8a,4022,wanderrlex,,17882587783238979,@jessebleichh not to mention we have MUCH bigger threats to our country than people coming here seeking a better life. If you can't understand that then there isn't much hope for a conversation about this.,instagram,,,,4
0b75227e-4240-4d7c-ac4c-1d28a62daa82,105,,,id_1016,"You can go for it, but I would not be surprised if they find a way to reject your application because you are too useful as a rep.",youtube,R821Vy-GQHs,2025-03-06T22:30:35Z,Entertainment,1
f74c802b-a25d-4c00-bbfa-ab64105da990,3496,tplgigo,bayarea,i61y4pn,Above ground station to an underground one with a big curve to get there. The train has to slow down to make the curve.,reddit,,,,1
c99fbfd4-a8b4-4652-8665-37644f18c39f,737,,,id_1648,"Not to be confused with the famous predecessor to Super Mario Bros. 2, Doki Doki Literature Club.",youtube,krq6-1ht_kk,2022-06-23T07:05:18Z,Gaming,1
6e21172f-d60f-4d66-8215-d85f20fbbec3,2028,JungleSumTimes,HomeImprovement,h917ifw,"Looks like an overlay of previous rat slab. See what the engineer says, but I'd not worry about the crack as much as the acceleration of rust at the pole base by encapsulation",reddit,,,,7
718b5d62-e3de-4864-a4f9-b8b1deb4d4cc,1380,mario0x,hockey,gy9vwkm,Once again bruins about to be fucked by Lauzon more than once in a game this kid needs to be buried in the minors more control your fucking temper you scrub,reddit,,,,3
5987a00f-2393-467a-b4aa-317731da9ed2,1516,Calitude,reddit.com,c1ivwqd,What do you mean 'fixed'?  One pic has sky in it and the other has a mass-ton of buildings.  How about you aim your tripod 90* next time?,reddit,,,,3
265b2557-f3d3-4587-8259-3a67d7560a5f,517,RepresentativeBig258,AskReddit,hrcn0ex,My aunt didn‚Äôt care to find out which of my grandmother‚Äôs husbands were her father until my grandmother died and the unlikely grandfathers fortune was available through my grandmother‚Äôs death.,reddit,,,,3
9abbf663-f26a-46f0-b68b-26304a67add8,234,,,id_234,"He *is* Mormon, and they're boring like that, so it checks out.",youtube,X4YK-DEkvcw,2022-09-23T04:24:55Z,Music,3
be3c27f8-e587-450c-be81-c7e6e2cec608,6476,craigycavanagh,,17952275575117716,"@kristynadaly1986 ahhh babe what beautiful words. Boss year end to come for us, can I see you next Wednesday please? I'll come straight from work. Love you too kiddo Pavarotti xxxxxxxxxxx",instagram,,,,3
3acb4863-cc03-43f0-870d-8dbaf0e321b3,483,,,id_1394,"I agree 100%. People would cross oceans and continents to meet a woman like her. The body language is very positive and, to be honest, quite clear with IOIs. Kazuma: you need to arrange another meeting with this young lady.",youtube,SQxu_-l_p2c,2024-01-01T19:10:09Z,Entertainment,5
06aaac47-6dbb-431f-a397-d3d458a6ecaa,8346,fifilite,,17978689909107099,@ruccisalonspa lmao who cares how you idiots feel. Imagine typing this paragraph on his page. You‚Äôre the definition of PATHETIC,instagram,,,,3
5b75997d-0eec-46e3-a5ef-10bdda90e938,9101,willowandthelittlegypsies,,17979171280060013,@rockymtnmomma3 absolutely. We definitely need to learn to not sweat the small stuff as parents. It‚Äôs so hard because it changes you. You have other human beings to consider. But life‚Äôs too short. And my kids love the carefree me more than the person that stresses about everything and anything. It‚Äôs  a balancing game ü§∑üèª‚Äç‚ôÄÔ∏è,instagram,,,,3
5ee6bc4a-8098-4936-bef5-4930306ac4a0,13,,,id_1770,"even though I agree with this for legendary armor and stuff like this, for this legendary or generation 3s this is not the case , as it only really requieres a bit of farming and map completion and once you are done you can do it over and over to make gold forever",youtube,0iZ5-evl_m0,2024-12-17T00:24:03Z,Gaming,3
c319a29b-31a1-4ec9-9612-abcb0dbf3151,1804,vxnessa_0901,unpopularopinion,f25hk7s,Guys think using face masks &amp; good hygiene is gay &amp; ridicule other men for it so i'm not surprised. Men hate each other yet claim women do,reddit,,,,3
c3ab2b89-824c-4c74-92f8-f90268296a2a,2141,three60fit,,17957550154080792,"@nicolettehermiz Yes, yes, and yes! Love to hear you finding the Lord in the midst of all this @gmflorio He always provides beauty for ashes.",instagram,,,,4
d3ff91b2-f704-4c28-b333-8cb1c325fc95,4079,_queenofthering,,17868856909216178,@makeartdamnit LMAO!!! This is got me so much more excited to watch the episode! Your face in between the two best dicks in the business! üòÇ,instagram,,,,3
fd0741e3-8673-4169-a886-d6db49d74d8f,2813,jmorgan1413,AskReddit,jnomnno,"Silver Linings Playbook. 

I think it‚Äôs because I read the book first and could not get over how they absolutely destroyed it.",reddit,,,,2
0dc6c761-a511-4cf4-bfa7-79ea52b6130b,836,,,id_1747,Hi Atom no because binder dries within a couple minutes. the surfaces needs to stay wet alowing for flake to stick and lay down flat,youtube,D6zX-hc4NZ8,2021-12-01T01:51:20Z,Autos & Vehicles,4
e1861131-b3be-4aef-9ac5-fa9a4033b349,2489,Hamlin_Bones,funkopop,fh8e2va,"Man, this better be shared, otherwise I may have to resort to begging a fellow redditor/collector to pick me up one.",reddit,,,,5
aeae8179-268c-472e-9ef2-7845d55f4c7c,957,Genderfluid_Cookies,AskReddit,iaal3ws,Not anything really. I‚Äôm too tired to most of the time and end up falling asleep in it. I would rather spend a few extra minutes in bed than have to wake up a few minutes earlier to shower,reddit,,,,2
c40fb145-d3be-4ca6-8c23-8b44a7fb894e,300,,,id_300,+Shane Hennenhoefer happily enough in real life the actress is neither poor or single and is dating a rich guy 20 years older than her,youtube,X4YK-DEkvcw,2016-01-31T16:34:39Z,Music,5
a1f69970-0a15-4261-b841-6c247e090a52,215,,,id_1126,"I just checked it out, I truly loved your take on it!! And thank you so much! üíï",youtube,9n42-rH1YmQ,2020-12-30T21:30:52Z,Music,3
a8348902-d5f4-4aba-9d08-b46c7d96a8a7,1133,nyuszicat,,18014418229185422,"@mrgeorgeclarke Absolutely, so why doesn‚Äôt it happen? You see self-builds all over Europe which is great because all the houses are individual!",instagram,,,,1
e5b12311-10a0-45c1-8cd5-5087a14c0184,5425,dora_c_degray,,18028873327102045,@the_mama_manual - personally I'm a morning person so by time mine used to sleep (cause now they sleep wayyy after I do) I used to use that time to relax especially since I was/am a working mum. But yes that works if you're the evening type üòä,instagram,,,,5
a91e41a7-c209-4b15-a474-0f847ae40f6b,1569,thenataliejoy,,17946055054213753,"Thank you so much Ashleigh. I really appreciate that, I know everything will level out but it‚Äôs easy for it to feel like too much sometimes. üíï",instagram,,,,3
e7990217-14e6-421b-8848-6e49b72fa887,2893,BoneOfProwl,Hamilton,hu4ej8g,Also try Lex is a queer centered app based around meeting others! It's no photos and kind works like posting old new paper personal ads q,reddit,,,,1
9ed2fadb-6095-483e-8317-8505441613cb,557,,,id_557,"But here‚Äôs the thing‚Ä¶. she didn‚Äôt even know because if she did, then she wouldn‚Äôt use that name.(and yes, I know there are malicious people that would do that but not everyone is like that.)",youtube,MlLKVG-y95k,2024-07-30T01:20:20Z,Entertainment,1
dacbec05-3453-4106-a5a4-0035368235de,2673,tom4dictator13,Superstonk,hp5uvf2,"This is good, there was another post about January 28th. I think it's great to revisit the days of max fuckery",reddit,,,,3
b0529112-a709-4cf9-b4fa-5a985650dece,4115,the.la.way,,17961162316059564,@scvlinci I‚Äôm so glad to hear and so sure you will fall in love too with @alternahaircare üíú Let me know how you get on.,instagram,,,,3
a70e39cb-aa65-4de1-8d5c-f30026e0990a,8972,brogan.georgiou,,17981381560012565,"@life_inside_number_eighteen oh I bet they‚Äôre shattered! Yes you‚Äôre so right, I‚Äôm certain that he needs the nap I just don‚Äôt want him to have one üôàüòÜüíô xx",instagram,,,,1
157c2385-8d51-4f75-982c-36c707cc037a,657,,,id_657,"ts bs ik , I am very skinny (not underweight) and as an Indian my body is nowhere near the standard but ppl dont care they bodyshame me calling me skinny flat , that i can fly away in the wind.. bullshit like u can be replaced as a skeleton. But whenever i TALK about it ppl say'' how can u be bullied'?Ur skinny u cant be bullied''
This is what they say , and im insecure asf to even stand infront of others bcz my arms and legs r so thin I feel like they are staring at me talking about how bad I look.
And when I talked about it to ppl they said u look fine , and u look good and that they want to have my body ..but those same ppl also bully me for my body. I just dont understand why they bully me if they want my body its as if they are jealous but i dont get it .. And ppl only take bodyshaming as fat ppl thing and never say skinny bodyshaming exists.",youtube,7c-3YU-3u8M,2024-07-20T18:41:03Z,People & Blogs,2
ee5862b6-2dcc-4b62-8fde-c44749b436b3,2712,FrankPapageorgio,NintendoSwitch,j218ulw,"I‚Äôd love it to just be named Nintendo Switch 2

It‚Äôs the most successful console they‚Äôve every made. Please don‚Äôt innovate and confuse people.",reddit,,,,0
faaa3ae4-aa45-4622-86b0-962b3d49853e,2486,Lil-Yan42,teenagers,fcw8bcj,"I don‚Äôt like her. I mean she criticizes people for not doing something, but she has no solutions to the problems she points out.",reddit,,,,2
9f47edeb-b5cc-4d50-9e44-848f4e7858ad,746,,,id_746,"They NABJ said she couldn‚Äôt do a zoom call, she asked",youtube,i09U-eoq-bk,2024-08-01T23:22:01Z,Sports,4
4e99ac23-77eb-4386-a281-ec8c68e8b1db,708,,,id_1619,"Thank you so much! You can refer to this tiktok video where I show the measurements: 

https://www.tiktok.com/@downtowntailoring/video/6873307320894393601?lang=en",youtube,xg0F-bWLmMk,2021-02-24T04:06:02Z,Howto & Style,4
92a28a09-a7b8-4916-b665-5a3d593a17eb,9235,lauraashleyuk,,17920463920146180,"Thanks for sharing your #LauraAshley find. We‚Äôd love to feature your photo on the Laura Ashley site, emails and social media pages. Please reply #YESLauraAshley if we can use it. You can find our terms and conditions here: http://www.lauraashley.com/uk/terms-and-conditions/page/terms",instagram,,,,3
230a26d0-82be-49f3-ba09-f7c1d23b2c4e,225,,,id_1982,Was op last year too just cost a ton in speed with ball,youtube,1w0K-wMyxL8,2023-09-03T19:53:09Z,Gaming,3
6ff6a6ec-e6f8-4490-a03d-3469fe67d462,9498,lauriegteusaw,,17903861716269502,@vickibonner Go to the Sugarplum main blog page and click on Shop My Instagram. You should see the photo there.,instagram,,,,0
2a91338f-1f82-46b9-907b-1051e1892132,3478,The-Ravioli-Mage,TwoBestFriendsPlay,geb2u3g,I wonder if it‚Äôs going to be difficult for him looking back on roles when he was much more feminine.,reddit,,,,5
07a4a437-b538-476e-b1b0-957c5665c763,408,everyonceinastyle,,18034533526035640,"@hlcstudiosartwork there‚Äôs nothing quite like it right?? Just gives you a whole new perspective on life, especially when you see how resilient and positive these kids and families are üíóüíóüíó",instagram,,,,2
23ec3bcf-16b9-4fab-bc73-389031fa308a,1322,SpicyMealOutside,FortNiteBR,e0xyqm1,"I didn't read this deeply but there was a leak here awhile ago that it would be ancient civilization themed. So far, the leak has been correct based on the other leaks it mentioned.  (shrugs)",reddit,,,,1
34d7ea05-1eb6-4504-9cd9-e34a06061029,422,Larielia,zelda,ip2byv4,"I'd be fine with another one, maybe a proper prequel. Age of Calamity was fun, but it is really a spinoff.",reddit,,,,4
5b109327-6b1a-4489-9d8f-e2a16bd58ec5,2649,photoginmamaof2,,17986180573082252,"@kristinbelville i was going to say the same. I‚Äôm 5‚Äô4‚Äù and even on my tippy tippy toes there was a good 8‚Äù puddled on the floor. üòî I‚Äôm afraid I‚Äôm going to have to send it back. But the girls at Vici were SO awesome and got it to me literally next day so that I could have it for a Christmas party so I was really trying to keep it but like you said, because of material, they want a lot to hem.",instagram,,,,2
da62ca85-d9d8-4248-9e06-89b414cf112a,2646,majesticpark,WTF,ceb0maw,"I rather think this is for you to extinguish your smoking material in if you come into this area, so you don't throw it onto the ground or in the plant bed.",reddit,,,,3
0b1fb664-471d-493a-b6fc-4efe00988d0d,1165,yorkspirate,childfree,jc994kt,Everytime I see a post like this it reinforces my distain for OLD - why else would my profile say something if it‚Äôs not to tell people who I am/what I want ?!,reddit,,,,2
25ef18e5-ee0e-4d85-90f5-058038af31c1,4,,,id_1761,"Well he didn‚Äôt do 33 did he you melt, he done 17 an he‚Äôll be right back in there with the attitude he has, why‚Äôre you so bothered, go away lad üòÇ",youtube,XZ9p-f4Ppr4,2023-09-05T02:38:03Z,People & Blogs,3
41207e07-5960-4478-b192-5b45d7b266f1,4481,TheShippsn,DestinyTheGame,e9o39x5,"Yes it is. There's plenty of content without touching pvp. 

I personally only play pvp because I enjoy it more than pve and try to improve against other players. The loot you get from it isn't as important.",reddit,,,,5
5df74723-e6ae-4ca4-a5ac-ab57f33b1b31,1961,livid_vizard,Boise,gjzh8o2,"Beautiful shots! I can‚Äôt fathom being able to capture a bird in flight in frame, let alone in focus. Applause!",reddit,,,,1
26e7188e-5f1c-4ec0-8c91-eaf4d7bfa609,403,,,id_1314,So proud of you. God continue to bless and comfort you.,youtube,JgtJ-sFzWww,2024-05-27T09:28:44Z,Entertainment,5
3cb44f5b-fcb1-4367-bbad-8a1900148f7a,2477,artisnotsubjective,IdiotsInCars,igd8a0h,"Cringe to read everyone trying so hard to be a comedian in the comments and fail, yet get thousands of upvotes.",reddit,,,,5
e255993d-b17e-4034-bbdb-3b995d3e5918,2771,jennyeclark,,17940603640227456,@jonelleyoga I should be yes and then going to Sri Lanka 9th April need to get some tips from you! üôè‚ù§Ô∏è,instagram,,,,0
65e97fdf-1e43-45ae-a3ff-00cd630efc74,140,Saniiro,Maplestory,eqjueqk,If my weapon got destroyed during Star Force enhancement how many stars do i start from again? Planning to try attempt 22*,reddit,,,,1
b269e2e7-e0a9-403f-b6a5-0a86cbda2d6f,270,,,id_2027,"lol You are the one who doesn't know history, before 1948, there were the British, and before them the Ottomans.. Palestine never existed.",youtube,Fk5F-u4r-Yk,2024-03-03T09:45:04Z,People & Blogs,1
062c336b-644c-4b69-ae7b-fcc7bf4041e9,1993,preppybohemianathome,,17945945473013566,@thefitgnome I'm a fan of accent walls behind the bed. you could do a mural or stencil or peel & stick wallpaper. it'll make a huge impact in the room. hope that helps!,instagram,,,,3
55bc8d4a-2f9a-4c2c-8220-b8144cb59c03,523,,,id_1434,"He is brazilian, here red onion is called ""cebola roxa"" = purple onion, this might be the reason.",youtube,Ryh1-GBUT_E,2020-05-27T14:58:19Z,Entertainment,3
56697747-91f3-4b5c-846c-7ad8f0df521e,731,,,id_1642,They sell to each other because they don‚Äôt have to pay any taxes when selling to other dealers. These other dealers that vookum and Moses sell to then sell to the general public at a higher price to accommodate tax and it not being at wholesale.  These are quick and easy flips,youtube,D2xWAS-ptK8,2025-04-21T21:57:44Z,Entertainment,2
4c6f1502-99f2-4c93-bbb8-4b1dbbbb0805,4807,veganpumpkins,,17953570750053513,"@paris_on_the_cake exactly! And that‚Äôs so great - veganism will open your eyes to so many reasons once you take the first steps, weather it‚Äôs for health or the animals! And yes comfort food is a must because you can‚Äôt have a healthy body if you have an unhealthy mind! ‚ò∫Ô∏èüôåüèºüí´",instagram,,,,4
f052e783-6f44-4020-8fe3-8f082aab5e6e,2280,SgtSabitch,texts,k64789s,"Either secret lesbian crush, or known lesbian, or jealous as F friend who wants her new dude.

No matter what - she needs to go.",reddit,,,,5
2a38bcb4-59f2-4dca-a26d-bf46e1ccaff3,1583,motherofbabies,,17903518363037113,"@mmmorganne you get me, Morganne! Yes, that would be wonderful!! ‚òïÔ∏è Good company,  good food and drinks, the fireplace going, while the kids play sounds like a great fall get together. üçÇüçÅ",instagram,,,,3
2224909f-a347-4216-9d89-475a4f8e1f98,832,,,id_1743,"though, like Undertale, there's a bit mre TO that...also like FNAF in a way.",youtube,krq6-1ht_kk,2018-02-07T17:48:03Z,Gaming,0
90abe2ec-23a7-4c84-b900-7a478c0adcc5,343,,,id_343,"It is not PERSONAL information in the PUBLIC sector that YOU provided...
How much dirt from your past (and present) do you want me to tell you about yourself?",youtube,JgncST-h55U,2024-07-18T16:07:39Z,People & Blogs,5
caf602b0-2302-4afc-9725-b21d99851405,651,,,id_651,"yes I have heard of many fat old people. Are you living under a rock? 

And we know being obese isn't healthy. But all the people being referred to here are NOT fat. Oprah looked fit. Kourtney just had a baby and it's absolutely normal to have a belly after giving birth. What do you expect? Her to have abs?? And you're here defending this. His comment was absolutely disgusting. Mature up",youtube,7c-3YU-3u8M,2024-04-06T11:20:57Z,People & Blogs,8
0c63fb9d-9c54-4a06-a9cc-5bc086c8bb43,3813,adon732,DogShowerThoughts,dt6rkas,"Hooman and doggos can't get sick from each other, donut wory. Hooman will be OK eventually. Keep guarding, cates mite try to take advantage of ur hooman bein sick!",reddit,,,,4
cf60c4d8-3acc-4618-a678-844f51dd36a3,8366,katie_baki,,18006649177130238,"@tammyfowlerfoster omg Tammy, I love this story and I‚Äôm really glad you shared bc it makes me feel so much better. I‚Äôm trying not freak out lol and I know it‚Äôll all work out too ‚ù§Ô∏è",instagram,,,,1
783a87ea-44bf-453b-94cd-83050f26bba3,1646,NegativeKarma4Me2013,newworldgame,hpjru11,"LMAO, try them first. GA needed nerfing, these don't. GA is still strong you just need to actually learn to play now.",reddit,,,,1
006a252f-118d-433c-b55d-866cf0520b8c,2624,mclohessy99,SquaredCircle,g8c7rs8,Its a shitty situation that guys have to spend christmas away from home if they are to make Wrestle Kingdom,reddit,,,,2
02541e52-7829-405b-9341-668c96480402,152,,,id_1909,"It's insane how far Blender's come, now it's even moving into professional use and we even have a full feature movie made with it. Just heartwarming to see an open source tool like Blender getting mass industry recognition.",youtube,aqz-KE-bpKQ,2021-11-07T21:01:47Z,Film & Animation,2
01986d45-2e0c-477b-98b5-b89fb1dd2029,5442,oliviamccormick,,17954497702135692,@gretastravels I have a GoPro and hahahaha tried the balancing thing myself üòÇ but thanks so much for the tips it‚Äôs so useful! Now I just need to book another beach getaway üòâ will pin your post to read then!,instagram,,,,2
8d8cd176-3836-4975-a2ff-4bfb4c97772b,435,,,id_2192,There are a lot of mechanics who would disagree with you on this one.,youtube,qBc1Ba-0o9E,2018-11-17T19:40:53Z,Autos & Vehicles,2
e2c4c2a4-a524-478d-bd70-7ca03c2eaa04,119,,,id_1030,"And the more convincing her case is to HR. They might not care about her but if they think Sue hurting the business, it might be bye bye for her.",youtube,R821Vy-GQHs,2024-02-21T17:40:45Z,Entertainment,5
9b89f9b5-ea62-47a2-ba30-3129b0b8077f,5582,shaiwenley,,17938885864074666,@violetmartha47 oh no thank you so SO much for reconsidering your eating habits! It takes so much courage to admit to those things you just said and I applaud you for it. The animals would thank you if they could üíñüíñüíñüíñ,instagram,,,,4
0404ef1d-d00c-439e-a4d6-7a1fe006527e,213,,,id_1124,"I wish I could‚Äôve met him too. He was a really great person. I really wish you the best, stay strong and stay positive‚ù§Ô∏è",youtube,F6ne-FU6znc,2023-02-13T08:23:50Z,Music,2
9bf60461-025a-4f13-b6a2-a9df31272327,2052,jessicasjungle,,17939284108228084,"@urbansplants OK, that‚Äôs really good to know, thank you! I might give it a little extra light with a grow light :-)",instagram,,,,1
a8e3570f-7470-422a-9b92-6be2f883780e,544,,,id_544,"Because if they commented in their native language you wouldn't understand them at all. Also, I'm not quite sure about your own grammar.",youtube,a6iW-8xPw3k,2014-03-15T19:15:32Z,Comedy,2
2d0ab5a6-733c-4280-b774-c9a3cff29857,385,PercyBluntz,CHIBears,j1iscwt,That‚Äôs why Velus is gonna be here for a while. He‚Äôs had a rough year but he‚Äôs got some serious talent,reddit,,,,5
659fd4bc-3ca7-4bf3-97d5-fc23fdc3ead4,3756,witandfolly,,17920080781052231,"@ana_svjetlicic aww Ana, thank you so much for sharing!! Those are all such beautiful things to remind ourselves of ‚ù§Ô∏è I couldn‚Äôt agree more with you!! üòòüòò‚ú®",instagram,,,,0
969d919c-947d-4acd-985f-029967ddcd14,5987,thisisfarrah,,18016807516027095,@taraevelync omgoodness girl! You are the luckiest! I can‚Äôt wait to be able to use them with my future babies!,instagram,,,,1
576cc684-e1f7-450d-9a71-025b7ddc9069,712,,,id_1623,I‚Äôm so glad to hear that!! Thank you for letting me know :)),youtube,xg0F-bWLmMk,2021-02-11T20:47:54Z,Howto & Style,3
27e9e3b2-2227-4be9-9e9f-1b8337a250a7,554,,,id_554,"Given that she didn't know the name of the still birth, she didn't name her baby after it.

If you shouldn't use the same name as a dead person, all names will have to be made up and no one can ever use ""David"" or ""Mary"" again.",youtube,MlLKVG-y95k,2024-07-15T01:23:44Z,Entertainment,8
e0800a75-cbbb-44af-b56d-987c0732eacc,2645,emilysarmo,,17869201792273489,@yosoycandle Thank you so much.  Yes !!! I have a pair of light colored booties I could see with this. üß°üß°,instagram,,,,6
ba7141b4-8b46-4d10-ad4c-8b16acd0e446,4424,duvetkemde,WTF,cyh84b9,"And still i want to one day get a shot at trying to reach the summit. Scary pictures, no doubt.",reddit,,,,1
0388f85a-c77f-4761-b20a-d57c3a60d50d,433,,,id_1344,"Child of God as I was praying. God ministered to me in a revelation as I view your profile, to see things around you, I saw blessings but spiritual attacks holding onto them, in prayers, i saw a woman in the realm of the spirit monitoring and plotting delay  in your life, with an evil mirror, with a motive to destroy. But as I speak to you now her time is up, for God immediate intervention in your life, Render a seed offering with Anything you can afford or give to the motherless, sow it to ( OJEABULU MOTHERLESS FOUNDATION ) in Edo state nigeria before 2DAYS with faith, as I Rise my hands towards heaven and pray for you they shall serve as point of contact wherever you are, you will receive double portion of grace to excel and total restoration of breakthrough in your life and in the life of your family.  Ask for their acct details and help, call the MD in charge of the orphanage to get their details on 
WhatsApp or call them now on 

+2349046099547

Tell him I sent you. For it is not by might nor by  power but of the spirit saith the lord ( i4:6). You shall testify to the Glory of God in your life. God bless you..",youtube,JgtJ-sFzWww,2021-02-08T07:27:10Z,Entertainment,3
d840a74a-05e7-4455-bc66-9d9ea955ce23,1279,C-o-f-f-e-e,AskReddit,cwqthzw,"Zero, but whatever. I mean you can't really prepare people to deal with adulthood completely, money, okay, maths, okay, but dealing with actual managing of being an adult. 

Its just something you get better at faking.",reddit,,,,5
1fde5f07-c8a8-44a6-9ad8-03727cd6c8b5,2755,Archaic_Avidity,SourceFed,ezg3nh9,"I'm sure it was just scheduling, they've each done a couple table talks with one another over the years. Reina had SPF until it ended, and Bree had Nuclear Family until that died too",reddit,,,,2
95ea17de-c44b-42f6-94db-980f62879e86,617,,,id_1528,All these guys at the table would would KEEP u felted,youtube,CrBpfq-Hb7Y,2024-04-24T15:30:22Z,Gaming,3
dced8c78-20fd-4bbe-976f-068cfe54fe58,224,,,id_1135,lmao in hm2 there's a level in the subways and the soundtrack is called run,youtube,Na2vMr-Yxhs,2023-10-17T21:05:00Z,Music,6
bac988ba-915d-4121-87bc-aabb296eeedb,1159,angeliquemiles,,17906880979260392,@sushigirl_atx @enzymedica has a product called Gluten Ease which may work for you if gluten is your only issue. The Digest Gold should do the trick also though. I carry it with me everywhere.,instagram,,,,7
5be11f5f-5886-4eff-9c3c-707640ec2279,3613,five_make_a_home,,17843692288367345,"@samanthavandepoll oh thank you üß° you‚Äôre so kind üß° it‚Äôs amazing how many backdrops you spot - but usually I miss the opportunity as I don‚Äôt have the Instagram husband/tripod/haven‚Äôt had a shower/screaming kids, etc üòÇüòÇ",instagram,,,,2
0c1eed8f-60fb-4d9b-bb57-47f7c5a4fad1,159,,,id_1916,The reason it wouldn‚Äôt play again is because it couldn‚Äôt comprehend the colossal size of big chungus,youtube,aqz-KE-bpKQ,2020-05-16T15:07:35Z,Film & Animation,5
70c95c0e-9b28-4d0c-be46-52f5ceb4e5d3,2496,Van_Inhale,science,ihqcnr4,I ain't a religious loon but it does seem we are becoming more self indulgent and selfish as time goes on,reddit,,,,7
44377e4c-cd4b-4d39-8a98-c933b60eb619,5658,nycxclothes,,17986778578036649,@fleurandrea I love what you said about focusing on what only makes me happy. Zeroing in on the essentials ‚ù§Ô∏è,instagram,,,,5
14ea34bf-b4ab-47f0-992a-857b835b00e8,7476,travel_mermaid,,18003515200141010,"@alexinwanderland üòÅ I used to recite lessons to myself back in the day so I wouldn't forget anything! You'll be fine without the notes, just improvise if you forget what sequence you planned. No-one will notice anyway. Usually the best lessons are when you deviate from the plan and go with the flow once you feel what works. Trust your instincts and teach the yoga that you like to do. I hope it gets easier soon Alex! üòé You've got this!",instagram,,,,3
